<FileNameMap>
	<Patterns>
		<Pattern Type="1" AntPattern="**\makefile" Language="mak" AppliesToAllFiles="0" Regex="^?@\\makefile$">
		</Pattern>
		<Pattern Type="1" AntPattern="**\Imakefile" Language="imakefile" AppliesToAllFiles="0" Regex="^?@\\Imakefile$">
		</Pattern>
		<Pattern Type="2" AntPattern="E:\data\code\gcc-4.1.2\libstdc++-v3\libsupc++\*" Language="c" AppliesToAllFiles="0" Regex="^E\:\\data\\code\\gcc-4.1.2\\libstdc\+\+-v3\\libsupc\+\+\\[~\\]@$">
		</Pattern>
	</Patterns>
</FileNameMap>
